timestamp,download_mbps,upload_mbps,ping_ms,jitter_ms,packet_loss_pct,server_id,server_name,server_location,server_country,result_url
2026-05-26T17:25:17.316181,692.51,34.97,21.462,1.397,,73169,Comcast,"Santa Clara, CA",United States,https://www.speedtest.net/result/c/c59177ca-fb8c-494d-88a4-4c16029b1789
2026-05-26T17:26:38.409603,862.09,32.34,31.839,2.684,0,14236,Frontier,"Los Angeles, CA",United States,https://www.speedtest.net/result/c/2900de01-579d-46ec-9c4f-f6ddc6075846
2026-05-26T17:27:11.515835,878.0,40.02,15.256,1.318,,73169,Comcast,"Santa Clara, CA",United States,https://www.speedtest.net/result/c/d3b351d8-79d7-4930-ac48-15f74e3a4ad3
2026-05-26T17:27:43.361987,887.51,38.59,31.813,2.8,,70501,Siteserver,"Moorpark, CA",United States,https://www.speedtest.net/result/c/fc5d3771-21b4-4ea1-91a8-44b879494d1f
2026-05-26T17:31:02.756945,917.02,40.2,22.041,1.522,,73169,Comcast,"Santa Clara, CA",United States,https://www.speedtest.net/result/c/8068d635-b36e-4b32-8d0f-48f81b288917
2026-05-26T17:36:27.323339,921.48,34.61,20.222,6.057,,73169,Comcast,"Santa Clara, CA",United States,https://www.speedtest.net/result/c/38f67863-f1f6-4256-be4c-2da47af197dc
2026-05-26T17:41:42.412797,933.34,41.84,20.827,2.638,,73169,Comcast,"Santa Clara, CA",United States,https://www.speedtest.net/result/c/d80d8844-17ce-4d01-88e3-9b82fdc4161f
2026-05-26T17:47:12.162013,100.21,41.78,19.339,1.408,0,47256,"Surfnet Communications, Inc","San Luis Obispo, CA",United States,https://www.speedtest.net/result/c/887a3f6a-e34b-4a39-9495-2684bea31b1a
2026-05-26T17:52:30.680053,927.72,41.48,17.095,3.36,,73169,Comcast,"Santa Clara, CA",United States,https://www.speedtest.net/result/c/323666e7-e0ca-4302-aaf4-8a3128ba1728
2026-05-26T17:54:32.264622,262.18,42.19,19.22,1.615,0,47256,"Surfnet Communications, Inc","San Luis Obispo, CA",United States,https://www.speedtest.net/result/c/5b20367e-d118-411c-9c42-faa0e92ac4f7
2026-05-26T17:55:20.370026,922.18,42.07,22.951,2.932,,73169,Comcast,"Santa Clara, CA",United States,https://www.speedtest.net/result/c/b8c72121-a101-486d-8248-c69b4c251501
2026-05-26T17:56:10.640894,929.46,41.81,14.496,1.391,,73169,Comcast,"Santa Clara, CA",United States,https://www.speedtest.net/result/c/eeaecd75-a914-4d6a-826f-04eef6f2b678
2026-05-26T17:57:04.694806,229.24,40.45,24.787,0.712,0,47256,"Surfnet Communications, Inc","San Luis Obispo, CA",United States,https://www.speedtest.net/result/c/3e70b405-ab71-430e-b66d-9b2d514506a8
2026-05-26T17:58:04.967695,226.1,14.76,25.788,2.826,0,47256,"Surfnet Communications, Inc","San Luis Obispo, CA",United States,https://www.speedtest.net/result/c/4faeedcc-1378-441e-a81e-be5451892ac8
2026-05-26T17:59:06.867098,291.55,32.5,25.562,3.348,0,47256,"Surfnet Communications, Inc","San Luis Obispo, CA",United States,https://www.speedtest.net/result/c/93b41c97-420f-4227-8d48-dcccc9b5a740
2026-05-26T17:59:56.613356,939.77,40.34,20.206,3.606,,73169,Comcast,"Santa Clara, CA",United States,https://www.speedtest.net/result/c/926fe449-5944-4f11-b0c3-b0beeb486d8c
2026-05-26T18:01:00.320095,939.19,41.54,24.89,1.391,0,2403,Spectrum,"San Luis Obispo, CA",United States,https://www.speedtest.net/result/c/fcce15fb-9b63-4f13-8635-6828bd20d5d2
2026-05-26T18:01:55.745285,912.97,41.29,21.73,3.606,,73169,Comcast,"Santa Clara, CA",United States,https://www.speedtest.net/result/c/34d3a9a3-91e8-45e2-b310-78bc3a10c725
2026-05-26T18:02:49.036292,921.42,41.49,14.311,1.06,,73169,Comcast,"Santa Clara, CA",United States,https://www.speedtest.net/result/c/a3fd311a-506e-4c1c-a3db-7ea39fc2037f
2026-05-26T18:03:40.447787,915.34,38.59,17.371,5.076,,73169,Comcast,"Santa Clara, CA",United States,https://www.speedtest.net/result/c/c228e9f9-381d-493b-926a-825ebd1e53a2
2026-05-26T18:04:38.521140,898.42,24.74,23.807,0.932,,70501,Siteserver,"Moorpark, CA",United States,https://www.speedtest.net/result/c/b9a8f59a-e786-4b96-8c32-b4716b0605fe
2026-05-26T18:05:41.072482,268.58,21.33,21.538,4.524,0,47256,"Surfnet Communications, Inc","San Luis Obispo, CA",United States,https://www.speedtest.net/result/c/d4e1156e-3efb-4b2e-97ce-ab260ca21100
2026-05-26T18:06:32.545599,818.91,23.99,19.53,3.747,,73169,Comcast,"Santa Clara, CA",United States,https://www.speedtest.net/result/c/e2ac58d1-105e-4e99-8074-0f16e5562604
2026-05-26T18:07:28.610347,935.28,24.29,24.079,2.831,,73169,Comcast,"Santa Clara, CA",United States,https://www.speedtest.net/result/c/18a0269d-61d5-4a66-91d5-b1bc0f86340f
2026-05-26T18:08:32.970027,924.9,24.62,15.841,1.533,,73169,Comcast,"Santa Clara, CA",United States,https://www.speedtest.net/result/c/21e49390-e741-4a8f-92d6-f2f1d6d4e8e4
2026-05-26T18:09:21.178997,921.72,39.27,14.968,6.285,,73169,Comcast,"Santa Clara, CA",United States,https://www.speedtest.net/result/c/18a48a37-08c3-418f-9534-8b082dce6f7e
2026-05-26T18:10:27.713105,912.05,19.76,16.993,1.123,,73169,Comcast,"Santa Clara, CA",United States,https://www.speedtest.net/result/c/e1c0a5d3-083e-4ed8-8edc-49ce7daa1875
2026-05-26T18:11:21.457142,888.07,41.1,17.02,6.493,,73169,Comcast,"Santa Clara, CA",United States,https://www.speedtest.net/result/c/e09fd1f8-c5ce-4840-bb4d-8579f37d863e
2026-05-26T18:12:18.737110,923.42,26.88,24.065,4.451,,73169,Comcast,"Santa Clara, CA",United States,https://www.speedtest.net/result/c/de4a83da-f652-47d9-bf2a-4002990dad48
2026-05-26T18:13:16.503171,932.31,35.93,17.251,2.431,,73169,Comcast,"Santa Clara, CA",United States,https://www.speedtest.net/result/c/5dd0ed91-a366-4a45-8022-63bc28f0267c
2026-05-26T18:14:08.722034,908.24,37.82,19.742,2.399,,73169,Comcast,"Santa Clara, CA",United States,https://www.speedtest.net/result/c/b5228164-a6df-41ac-9386-ee78830f5097
2026-05-26T18:14:56.523342,927.8,41.89,16.302,4.186,,73169,Comcast,"Santa Clara, CA",United States,https://www.speedtest.net/result/c/a6302754-8211-42fb-9a5c-fa1b4cccbb44
2026-05-26T18:15:58.280660,910.7,30.72,30.466,1.774,,70501,Siteserver,"Moorpark, CA",United States,https://www.speedtest.net/result/c/e4c728b7-11fa-46d2-a11b-c1f7954c1382
2026-05-26T19:22:11.381140,619.14,37.08,22.318,7.935,,73169,Comcast,"Santa Clara, CA",United States,https://www.speedtest.net/result/c/14757de1-32ba-4c5b-bc3f-411ce547c65b
2026-05-26T19:27:54.831731,724.18,18.49,15.288,2.925,,73169,Comcast,"Santa Clara, CA",United States,https://www.speedtest.net/result/c/8f04a983-b68b-444c-915a-8ba9af861ec1
2026-05-26T19:37:46.686215,795.99,42.29,24.624,0.656,,73169,Comcast,"Santa Clara, CA",United States,https://www.speedtest.net/result/c/1017e3ee-f836-44ab-9413-c7449d7508a1
2026-05-26T19:47:46.509239,674.79,40.05,20.064,2.759,,73169,Comcast,"Santa Clara, CA",United States,https://www.speedtest.net/result/c/0fe01740-2a2d-4329-a012-ad909947b155
2026-05-26T19:49:13.955625,593.87,41.45,22.925,2.139,,73169,Comcast,"Santa Clara, CA",United States,https://www.speedtest.net/result/c/7003285d-e6fb-4d97-8cc3-9e3095661596
2026-05-26T19:59:14.678330,263.93,38.97,20.954,1.434,0,47256,"Surfnet Communications, Inc","San Luis Obispo, CA",United States,https://www.speedtest.net/result/c/52a64c4c-d0db-4958-893b-391f997c3808
2026-05-26T20:55:09.287541,710.13,41.91,21.782,2.59,,73169,Comcast,"Santa Clara, CA",United States,https://www.speedtest.net/result/c/c67a6844-2402-498a-a488-698b37c2b282
2026-05-26T21:05:11.775445,460.78,41.95,15.945,3.267,,73169,Comcast,"Santa Clara, CA",United States,https://www.speedtest.net/result/c/783daf22-b71f-46f7-b791-a74316461c85
2026-05-26T21:15:12.649457,810.99,38.58,14.384,0.617,,73169,Comcast,"Santa Clara, CA",United States,https://www.speedtest.net/result/c/e8a607fe-f3fa-4caf-bcaa-05b712825783
2026-05-26T21:25:10.920245,800.57,37.97,31.669,1.895,,70501,Siteserver,"Moorpark, CA",United States,https://www.speedtest.net/result/c/1b85614f-7f45-439e-bfcc-248cde1dab1d
2026-05-26T21:35:10.230742,704.75,41.52,13.911,0.515,,73169,Comcast,"Santa Clara, CA",United States,https://www.speedtest.net/result/c/c75ea8b4-c004-417a-8a5c-a5a7ce37bd0b
2026-05-26T21:45:17.418939,271.46,40.76,25.697,1.56,0,47256,"Surfnet Communications, Inc","San Luis Obispo, CA",United States,https://www.speedtest.net/result/c/2db4197e-9e5c-4a50-9eac-a3247bddd902
2026-05-26T21:55:15.402149,196.27,41.78,21.521,2.204,0,40986,Internet 3.14,"Reedley, CA",United States,https://www.speedtest.net/result/c/99203e08-9769-4f34-96e0-9579a9b5005a
2026-05-26T22:05:13.423992,182.33,41.78,21.395,0.921,0,40986,Internet 3.14,"Reedley, CA",United States,https://www.speedtest.net/result/c/6fd02c89-3e56-4aa5-8ad6-84ba34e7501b
2026-05-26T22:15:08.654942,621.6,35.04,24.77,3.166,,73169,Comcast,"Santa Clara, CA",United States,https://www.speedtest.net/result/c/b8cbd022-72ea-457c-b3a9-90ad4f675336
2026-05-26T22:25:12.917004,907.03,42.11,20.048,1.36,,73169,Comcast,"Santa Clara, CA",United States,https://www.speedtest.net/result/c/8d08ce9b-fb7e-4079-af8e-c2cd063b8122
2026-05-26T22:35:20.047097,171.96,38.89,22.53,6.907,0,40986,Internet 3.14,"Reedley, CA",United States,https://www.speedtest.net/result/c/f5f7f320-3f0f-4df7-8af4-49b3682f49be
2026-05-26T22:45:19.142947,929.01,42.1,20.098,0.479,,73169,Comcast,"Santa Clara, CA",United States,https://www.speedtest.net/result/c/7df43339-2a7d-4e00-ac3a-0c1eb9f69d21
2026-05-26T22:55:15.893377,920.06,20.5,22.407,6.523,,73169,Comcast,"Santa Clara, CA",United States,https://www.speedtest.net/result/c/d62f0870-0a60-4aba-97ba-c44874a588c1
